christjie,16598a9d-4e2f-39e6-a47e-4ccfef65258b
christmas,fbd33c28-5924-3fdc-aae3-575ddd1bc4f2
christmas_timbank,ce3f0cba-b5f7-3ff1-874f-b1a950c9ed99
dream_fld,4ed2a567-f32d-36bc-8369-e48e7d9ad049
dream_fld_timbank,381be662-8259-336b-a013-495a5fa204b2
razorlance,fabc54f7-4b9f-3644-aa99-5df3608a524b
razorlance_timbank,cead7613-1b15-38c3-94f2-fe2d4dad8e85
smallmaple,056460d9-5705-3488-988f-1446d4f05a41
smallmaple_timbank,0d198376-8b33-385d-a0c4-c48032e895c3
snuggletummy,31aae36d-5c3a-392c-9420-f56e18c70584
snuggletummy_timbank,a70010d3-4db5-36c2-83a4-9e1b1bd49184
wei0530,ac6c56d0-10a1-37e6-ae40-cb7f679ddd20
wqelwqlke,8a8bfd75-cc71-3649-a0d0-32019e3a7f5e
wqelwqlke_timbank,bf6a9b76-478a-3e29-853a-4daf2b075f78
